-- phpMyAdmin SQL Dump
-- version 5.2.0
-- https://www.phpmyadmin.net/
--
-- Host: 127.0.0.1
-- Generation Time: Jun 23, 2022 at 07:49 AM
-- Server version: 10.4.24-MariaDB
-- PHP Version: 8.1.6

SET SQL_MODE = "NO_AUTO_VALUE_ON_ZERO";
START TRANSACTION;
SET time_zone = "+00:00";


/*!40101 SET @OLD_CHARACTER_SET_CLIENT=@@CHARACTER_SET_CLIENT */;
/*!40101 SET @OLD_CHARACTER_SET_RESULTS=@@CHARACTER_SET_RESULTS */;
/*!40101 SET @OLD_COLLATION_CONNECTION=@@COLLATION_CONNECTION */;
/*!40101 SET NAMES utf8mb4 */;

--
-- Database: `foodsys`
--

-- --------------------------------------------------------

--
-- Table structure for table `category`
--

CREATE TABLE `category` (
  `categoryid` int(11) NOT NULL,
  `catname` varchar(30) NOT NULL
) ENGINE=InnoDB DEFAULT CHARSET=latin1;

--
-- Dumping data for table `category`
--

INSERT INTO `category` (`categoryid`, `catname`) VALUES
(4, 'BREAKFAST'),
(5, 'LUNCH'),
(6, 'DINNER'),
(7, 'Bevareges');

-- --------------------------------------------------------

--
-- Table structure for table `product`
--

CREATE TABLE `product` (
  `productid` int(11) NOT NULL,
  `categoryid` int(1) NOT NULL,
  `productname` varchar(30) NOT NULL,
  `price` double NOT NULL,
  `photo` varchar(150) NOT NULL
) ENGINE=InnoDB DEFAULT CHARSET=latin1;

--
-- Dumping data for table `product`
--

INSERT INTO `product` (`productid`, `categoryid`, `productname`, `price`, `photo`) VALUES
(14, 4, 'Pancake Tacos with Cheese', 400, 'upload/pancake_breakfast_tacos400_1539096003.jpg'),
(15, 4, 'Egg Baked In Tomatoes', 310, 'upload/eggs_in_tomatoes_1539095833.jpeg'),
(16, 5, 'Beef & Broccoli Stir-Fry', 360, 'upload/brocollibeef_1539096616_1539097842.jpg'),
(17, 5, 'Spaghetti', 400, 'upload/spagetti_1539097965.png'),
(18, 7, 'Mojito', 200, 'upload/http _cdn.cnn.com_cnnnext_dam_assets_170224172523-mojito_1539097580.jpg'),
(19, 7, 'Cola Cola', 250, 'upload/http _cdn.cnn.com_cnnnext_dam_assets_170227111426-sex-on-the-beach-cocktail_1539097662.jpg'),
(20, 6, 'Slow Cooker Orange Chicken ', 450, 'upload/slow-cooker-chicken-recipes-orange-1533576720_1539097827.jpg'),
(21, 4, 'Eggs in a Basket', 375, 'upload/egg_in_a_hole_recipe400_1539096098.jpg'),
(22, 4, 'Full English Breakfast', 600, 'upload/1145_1539096763.jpg'),
(23, 7, 'Coca-Cola', 80, 'upload/cocacola_1539097796.jpg'),
(24, 9, 'Barger', 250, 'upload/OIP_1655924116.jpg'),
(25, 4, 'Tandoori Parotta', 80, 'upload/tandoori porota_1655924809.jpg'),
(26, 5, 'Beef Kacchi', 580, 'upload/beef kacchi_1655924965.jpg'),
(27, 5, 'Hyderabadi Chicken Biryani', 450, 'upload/hyderabadi chicken biriyani_1655925096.jpg'),
(28, 7, 'Lacchi', 100, 'upload/lassi_1655925377.jpg'),
(29, 6, 'Beef-vula-khicuri', 320, 'upload/beef vula Khicuri_1655925565.jpg'),
(30, 7, 'falooda', 100, 'upload/falooda 1_1655959129.jpg');

-- --------------------------------------------------------

--
-- Table structure for table `purchase`
--

CREATE TABLE `purchase` (
  `purchaseid` int(11) NOT NULL,
  `customer` varchar(50) NOT NULL,
  `total` double NOT NULL,
  `date_purchase` datetime NOT NULL
) ENGINE=InnoDB DEFAULT CHARSET=latin1;

--
-- Dumping data for table `purchase`
--

INSERT INTO `purchase` (`purchaseid`, `customer`, `total`, `date_purchase`) VALUES
(12, 'khalid', 970, '2022-06-23 10:00:08'),
(13, 'Tamim Rahman Riyad', 620, '2022-06-23 10:38:14');

-- --------------------------------------------------------

--
-- Table structure for table `purchase_detail`
--

CREATE TABLE `purchase_detail` (
  `pdid` int(11) NOT NULL,
  `purchaseid` int(11) NOT NULL,
  `productid` int(11) NOT NULL,
  `quantity` int(11) NOT NULL
) ENGINE=InnoDB DEFAULT CHARSET=latin1;

--
-- Dumping data for table `purchase_detail`
--

INSERT INTO `purchase_detail` (`pdid`, `purchaseid`, `productid`, `quantity`) VALUES
(19, 12, 16, 2),
(20, 12, 19, 1),
(21, 13, 15, 2);

--
-- Indexes for dumped tables
--

--
-- Indexes for table `category`
--
ALTER TABLE `category`
  ADD PRIMARY KEY (`categoryid`);

--
-- Indexes for table `product`
--
ALTER TABLE `product`
  ADD PRIMARY KEY (`productid`);

--
-- Indexes for table `purchase`
--
ALTER TABLE `purchase`
  ADD PRIMARY KEY (`purchaseid`);

--
-- Indexes for table `purchase_detail`
--
ALTER TABLE `purchase_detail`
  ADD PRIMARY KEY (`pdid`);

--
-- AUTO_INCREMENT for dumped tables
--

--
-- AUTO_INCREMENT for table `category`
--
ALTER TABLE `category`
  MODIFY `categoryid` int(11) NOT NULL AUTO_INCREMENT, AUTO_INCREMENT=10;

--
-- AUTO_INCREMENT for table `product`
--
ALTER TABLE `product`
  MODIFY `productid` int(11) NOT NULL AUTO_INCREMENT, AUTO_INCREMENT=31;

--
-- AUTO_INCREMENT for table `purchase`
--
ALTER TABLE `purchase`
  MODIFY `purchaseid` int(11) NOT NULL AUTO_INCREMENT, AUTO_INCREMENT=14;

--
-- AUTO_INCREMENT for table `purchase_detail`
--
ALTER TABLE `purchase_detail`
  MODIFY `pdid` int(11) NOT NULL AUTO_INCREMENT, AUTO_INCREMENT=22;
COMMIT;

/*!40101 SET CHARACTER_SET_CLIENT=@OLD_CHARACTER_SET_CLIENT */;
/*!40101 SET CHARACTER_SET_RESULTS=@OLD_CHARACTER_SET_RESULTS */;
/*!40101 SET COLLATION_CONNECTION=@OLD_COLLATION_CONNECTION */;
